Protein,Drop,Gain
ICAM1,-35.61795863870795,17.242826223335896
MUC1,-34.932986645696815,5.958833253734321
VCAM1,-33.180281269279426,14.387642139529873
PTAFR,-32.84197688893065,10.434165025021088
FCGR1A,-32.79086176017142,13.584124995614161
TRIM38,-32.62939970273673,11.34978566781062
SP100,-32.56206493533797,9.254464271606567
TRIM31,-32.56071332464237,9.466178904655443
FCGR1B,-32.55835917755313,13.267722332295348
TRIM29,-32.55459592615542,10.19341267822717
IFI30,-32.5445745588974,8.985997138015016
CD44,-32.544574558897395,8.985997138015037
TRIM34,-32.544574558897395,8.985997138014993
TRIM45,-32.544574558897395,8.985997138015023
TRIM26,-32.54457455889739,8.985997138015032
CIITA,-32.54457455889739,8.98599713801503
TRIM6,-32.54457455889739,8.98599713801502
PML,-32.544574558897374,8.985997138014996
GBP3,-32.544574558897374,8.985997138015014
TRIM46,-32.54457455889737,8.985997138015003
GBP6,-32.54457455889737,8.985997138015014
GBP5,-32.54457455889737,8.985997138015014
GBP7,-32.54457455889737,8.985997138015014
GBP4,-32.54457455889737,8.985997138015014
MT2A,-32.54457455889736,8.98599713801503
TRIM22,-32.54457455889736,8.985997138015016
GBP1,-32.54457455889735,8.985997138015039
TRIM48,-32.54457455889735,8.98599713801501
NCAM1,-32.544574558897345,8.985997138015017
TRIM68,-32.50574253725254,9.246669129219722
TRIM10,-32.50574253725252,9.24666912921967
TRIM5,-32.49554379442307,9.423907480923068
CANX,-32.49275769224563,15.052423893415058
TRIM17,-32.479333411332824,9.450918291150757
TRIM2,-32.47699982235129,9.634104723834895
TRIM35,-32.465429721404945,9.618051780611514
TRIM3,-32.36128526788129,9.816075966558843
TRIM62,-32.33352712570193,10.00824052743614
TRIM14,-32.33081692337268,10.261070098131219
IFITM3,-32.299497839757485,2.3787798134957905
TRIM8,-32.262608889458555,10.134808253903591
GBP2,-32.18915689611063,16.297664257597642
IRF2,-32.18915689611062,16.297664257597592
IRF8,-32.18915689611062,16.297664257597592
IRF1,-32.18915689611062,16.297664257597592
HLA-G,-32.18915689611062,16.29766425759762
IRF6,-32.18915689611062,16.297664257597596
HLA-F,-32.18915689611061,16.297664257597617
HLA-H,-32.18915689611061,16.297664257597614
IRF5,-32.1891568961106,16.2976642575976
HLA-A,-32.1891568961106,16.297664257597624
HLA-C,-32.1891568961106,16.297664257597617
HLA-B,-32.1891568961106,16.297664257597617
HLA-E,-32.1891568961106,16.297664257597617
OAS1,-32.14491252008588,17.867237859150634
MID1,-32.123693400044885,13.909878327328409
OAS3,-32.11175547715733,17.3820186537426
B2M,-32.10613018935576,17.61031506281431
IRF9,-32.08906188648274,17.013319531577977
TRIM21,-32.04633777885117,11.641507914910818
OAS2,-32.022572766531624,19.25734472837178
OASL,-32.006632460725605,16.8878354641
MX1,-31.46360198944687,2.9523101818877486
MX2,-31.18004775575969,2.8215333488550205
IFIT1,-31.180047755759684,2.8215333488550254
IRF7,-31.08325794936482,20.714566567187163
XAF1,-30.88791393632719,2.6734777704987582
STAT1,-30.816208926736415,10.383582812975003
ISG15,-30.713530851653665,5.40590895999224
HLA-DRB1,-30.469175003994728,26.74601961169146
HLA-DQB2,-30.469175003994728,26.74601961169146
HLA-DQA1,-30.469175003994728,26.746019611691455
HLA-DRA,-30.469175003994728,26.746019611691455
HLA-DRB3,-30.469175003994728,26.746019611691455
HLA-DQB1,-30.469175003994728,26.74601961169146
HLA-DRB5,-30.46917500399472,26.746019611691455
HLA-DRB4,-30.46917500399472,26.746019611691455
HLA-DQA2,-30.46917500399472,26.746019611691455
HLA-DPA1,-30.46917500399472,26.746019611691455
HLA-DPB1,-30.46917500399472,26.746019611691455
IRF4,-30.205288712420504,20.147047585442273
TRIM25,-30.199444361391024,14.715879862476317
PSMB8,-30.052016781334082,1.7780593330523664
IRF3,-29.9514655509441,24.262528299221746
STAT3,-29.793856603826384,10.574908182532338
RNASEL,-29.705344867780408,5.522227814047635
IFIT2,-29.705343616178816,1.661827824953666
IFI27,-29.705343616178816,1.661827824953662
RSAD2,-29.705343616178816,1.6618278249536653
IP6K2,-29.705343616178816,1.6618278249536655
EGR1,-29.705343616178816,1.6618278249536653
IFI6,-29.705343616178816,1.6618278249536653
IFITM2,-29.705343616178816,1.6618278249536653
SAMHD1,-29.705343616178816,1.6618278249536653
BST2,-29.705343616178816,1.6618278249536653
IFIT3,-29.705343616178812,1.6618278249536649
ADAR,-29.705343616178812,1.6618278249536647
IFI35,-29.705343616178812,1.6618278249536653
IFITM1,-29.705343616178812,1.6618278249536653
IFIT5,-29.705343616178812,1.6618278249536658
ISG20,-29.705343616178805,1.6618278249536664
UBE2L6,-28.67909626979554,0.24411478035330392
LNX1,-28.396758901848095,2.5958397072336075
STAT5B,-27.843125523384295,3.335439985292915
UBA7,-27.171754409296994,0.6030730014906523
STAT5A,-27.170162286058826,2.8610598917679795
HERC5,-26.092221385244958,0.059607773807994924
UBA3,-25.423094401548074,0.2706491438194299
TRAF2,-24.914931517412736,4.593076954430268
UBA6,-24.725654248234992,0.14017776131425919
UBA1,-24.725654248234992,0.14017776131425866
ATG7,-24.72565424823498,0.14017776131425966
UBA5,-24.72431805812222,2.112144987442168
ARIH1,-24.26476987565376,0.03923753404002993
JAK1,-23.971631483646036,9.822879335326089
UBB,-23.758793459561034,3.621100990285161
DDX58,-23.483695134627162,3.2231734927697104
UBE2D1,-23.47622393034324,0.13542248026118478
UBC,-23.414898422818382,3.582520219720503
SDCBP,-23.282054976334173,3.687418195312882
CFI,-22.390984906534946,0.00033955609474762216
AKT1,-22.369958738904234,0.2439037196698837
UBE2K,-22.12731278490974,0.060017376506113045
RPS27A,-21.870670056456525,3.0294270529528156
UBA52,-21.87067005645651,3.029427052952816
CFHR3,-21.58122573056344,0.0004567614700627297
UBE2D4,-21.495872961010058,0.11191220194591624
CR2,-20.87272896998138,0.0002676252849884889
PLCG1,-20.812877708783535,0.6614732963002119
CD55,-20.634041890551753,0.0005591965380577597
RNF4,-20.593637703326134,5.955778376613831
C5,-20.455189692892464,3.1282685746102223
C5AR2,-20.376920022221846,0.0002469116961295835
STAT6,-20.33474141982551,2.381549590597692
SOCS3,-20.213483807472695,0.8657436807735497
JAK2,-20.202739467739665,10.07756850028187
PROS1,-19.98938798416556,0.005577133578695966
UBE2E1,-19.741575340008033,0.024514809898230256
GRB2,-19.701607079380985,6.306481068738077
C3AR1,-19.535626860228064,0.00022542483683862734
TRAF6,-19.26815259111285,9.29988529659769
UBE2D2,-18.903725392053616,0.006771180924506688
UBE2N,-18.47677952994959,0.022101373893512584
TRIM39,-18.367754357521747,0.00712830667445043
YES1,-18.28124635863789,0.5401441433023938
EBI3,-18.26329484857196,0.6561713910361701
TNFRSF1B,-17.989112616077687,2.472810796425821
CD53,-17.47600101684751,0.14613062766621188
UBE2E2,-17.406081479461168,0.001033003188796348
UBE2D3,-17.28394868685521,0.014993052584374202
HSPA5,-17.238210152205966,0.5545613479351555
TRIM32,-16.830695355977415,0.13009752850810974
CARD9,-16.73686726902092,1.0002194627504681
IL12A,-16.629587805619522,1.7401141877133854
PIK3R1,-16.485211265810257,1.5347885534077779
C5AR1,-16.44647790193756,0.0489410372877651
UBE2E3,-16.39284917429029,0.000981906673641235
LAT,-16.25493995700401,1.3282175074097868
CD46,-15.919619749458263,0.050948979226266795
CDKN1A,-15.860266180508097,0.024883422152772713
VIM,-15.633413401635988,0.34239030892311734
CLEC7A,-15.630458194572595,2.640933667524847
SH3RF1,-15.622820924086811,0.48465649293801283
SIAH1,-15.52946694229168,3.4249361904688667
SYK,-15.195768202535398,0.6996640138080462
TRIM50,-15.16861603476631,0.0004743307940233306
TYK2,-15.040783516195662,3.527479167243725
HSP90AA1,-15.040533011749506,0.12817430367478175
PLCG2,-15.034631724886632,0.77860838744907
UBE2L3,-14.973355149495617,0.01033889300206339
CDC34,-14.87602050239335,0.0015524787489536562
IL23R,-14.762776843226908,0.22856431711804953
MAPK3,-14.261792817344027,0.2708360514969927
CBLB,-14.208804472676517,0.08478812491307194
BTN2A2,-14.200017320859185,3.85206318056627
AKT2,-13.97791633466266,0.0731030619894058
MCL1,-13.844235203069346,0.009399333059089781
NOS2,-13.844235203069346,0.009399333059089599
FSCN1,-13.844235203069346,0.009399333059089599
RHOU,-13.844235203069315,0.00939933305908966
IL6R,-13.776304401208991,4.151461167099562
IL6,-13.760374753347508,3.028588503954415
KIR2DL3,-13.69353565280186,4.772210731006897
FCER2,-13.588383945829737,1.2580999070393428
SEC22B,-13.416606353538466,3.461230201794157
ITGAM,-13.379643892048705,0.003127461934222024
STX1A,-13.262339849859039,1.4679685131552587
LIF,-13.1903533024308,2.993919256488703
SUMO1,-13.124675059358927,0.3923363668121737
SHC1,-13.082895320946031,1.3039223226937957
TNF,-13.051358557900768,5.161321052999918
MAPK9,-12.982918074719887,0.06276799413274889
AKT3,-12.527834336375458,0.054709346778221195
SMAD3,-12.46169520210855,5.019724731539372
OPRM1,-12.434890431346593,0.06108073443635996
LONRF1,-12.426154511206791,0.9838680454021351
PTPN11,-12.347293039156614,2.7561250945309137
FYN,-12.343733630689345,0.23458404346388959
LYN,-12.310977254146357,0.5739718920107676
S1PR1,-12.268960842320743,0.0024646711034112955
TRAF3,-12.235314456308426,0.26846656318864065
UBE2J1,-12.229998858142975,0.01632502381400372
WASL,-12.093618648764947,0.6103995367931977
LCK,-11.969490732794343,0.3895122865261828
UBE2M,-11.95144671564574,0.0005481043361055115
PAK2,-11.926543970798486,1.5112030369571436
PDIA3,-11.885757861600677,0.0907421023927065
IRAK4,-11.745587236744553,1.8688346021242492
SEC23A,-11.698964685023737,0.6677129317136868
EIF2AK2,-11.655081165585697,0.0004525694001413365
UBE2R2,-11.585850077885347,0.0003710811298821623
UBE2A,-11.585850077885347,0.0003710811298821623
UBE2G2,-11.566410244978389,0.0006454775866750269
PELI1,-11.534534496734514,1.5884252059771917
PAK1,-11.358685565597625,1.3274532524580445
UBE2U,-11.3504286875204,0.0005060103112232542
UBE2V1,-11.3504286875204,0.0005060103112230965
FLNB,-11.34598871826534,0.04466237460371624
PPM1B,-11.34598871826534,0.04466237460371624
C4B,-11.345560465613724,0.5288607664536897
C4A,-11.345560465613724,0.5288607664536897
UBE2Z,-11.333409353809223,0.00039435579155896837
PELI2,-11.230682448277511,0.5061323932743641
TAPBP,-11.069033416187805,2.3796376847449743
CALR,-11.069033416187805,2.379637684744974
UBAC1,-10.996737372773717,0.0012036211623300207
SOCS1,-10.929318663561567,1.9784522218839773
LCP2,-10.859848986213832,0.9725803528960056
MAPK12,-10.697337484352103,0.15301568019074532
RNF126,-10.674964503255683,0.0004451343704064882
RNF115,-10.67496450325567,0.00044513437040624644
UBE2F,-10.597213174858839,0.0003681017856665097
STX4,-10.445041155776446,0.9108470419973902
LCN2,-10.191342815899972,3.4650182386838733
RBCK1,-10.110141079693552,0.023390871647734294
UBE2C,-10.034016694918396,0.00035089395145081735
UBE2H,-10.034016694918392,0.0003508939514507385
UBE2V2,-10.034016694918392,0.00035089395145081735
UBE2S,-10.034016694918392,0.0003508939514507385
UBE2J2,-10.034016694918392,0.0003508939514507385
UBE2B,-10.034016694918392,0.0003508939514507385
UBE2Q2,-10.034016694918392,0.0003508939514507385
UBE2O,-10.034016694918389,0.0003508939514507385
UBE2G1,-10.034016694918389,0.0003508939514507385
UBE2Q1,-10.034016694918389,0.0003508939514507385
UBE2W,-10.034016694918389,0.0003508939514507385
ATP6V0C,-10.031897677842373,3.784485574279
PELI3,-9.995578688057936,0.4449051296911667
EDARADD,-9.933089096868658,0.34800982073024506
IFIH1,-9.781973530409857,0.0009638127431528743
CCL4,-9.78124674057781,0.5603073271431943
DZIP3,-9.717930834120954,0.014306746739127239
NCK1,-9.620060688023866,1.067749669829341
GAB2,-9.515406473098377,0.608422831633651
DNM2,-9.476607398023605,0.12142481815277206
VAV3,-9.419515764556511,0.03692799768131247
CCL2,-9.336698360354726,0.5565527512529568
PSMB1,-9.33138530023612,3.8458344324386506
MYD88,-9.287200428130461,12.523505826774128
MAPK11,-9.173392620884183,0.1081517429792598
MAPK14,-9.173392620884183,0.10815174297925954
MAPK13,-9.173392620884183,0.10815174297925967
RNF19B,-9.099657556810698,0.0016665381555940949
OLFM4,-9.058874654002267,1.7029035228320124
IL18,-8.999503874681956,2.3360527429598683
TXK,-8.974907496728772,1.0269086171475843
NEDD4,-8.95678747359205,0.1789480226886376
CFH,-8.92804237235835,2.645931769918836
CSF2 gene,-8.919954028988023,0.8313855248243768
IL8,-8.919954028988023,0.8313855248243764
VAV1,-8.807959044611643,0.728219367049542
AP1M1,-8.771016554838457,0.6557915004576337
MKRN1,-8.694954834352416,0.00032372472647603786
IL1A,-8.634393838719916,0.8346415886050305
BTBD1,-8.609757856797767,0.00030718642194645085
ITCH,-8.52937456497699,4.481218254477252
RNF111,-8.51525149577052,0.000144977704284592
C6,-8.473729423048281,0.2250235248651653
WIPF1,-8.46920088321387,0.28629185816091135
TMEM179B,-8.464060783627477,0.08706178232062532
MAP3K14,-8.442844980442434,0.0001283884811578084
FADD,-8.391893881110345,0.12495794330627635
IKBKE,-8.36132154370889,0.00017686486384892598
TOLLIP,-8.315435147160555,2.125697409355512
IL37,-8.310421919164812,5.222517730040703
CR1,-8.305133847224761,0.45812642603998643
IL4R,-8.302824638154915,0.26461837300829305
BCL6,-8.26630393371485,1.6267857342074552
IRAK1,-8.253824961504044,0.9240810735888251
UBE3A,-8.24950871619924,0.0014224636125064495
SMURF2,-8.21609900353407,0.04068766572124097
WWP1,-8.216099003534069,0.04068766572124081
FOS,-8.204553081132536,3.7150657390775534
TRIM56,-8.15261375565037,0.08296752235467078
OSM,-8.148954137347594,1.4239868270186897
STING1,-8.130599087083988,1.3831858071460863
SEC24C,-8.045635953384426,0.02451850373937171
IL1B,-8.04409320224414,1.4338964730058656
CBLL2,-8.019047582265554,0.00021856238845659393
SEC24D,-8.00861596588413,0.020299020186584728
RNF182,-7.906529909387069,0.0003563764732599125
GRAP2,-7.899361384619025,0.508567600588023
TRIM41,-7.845941836820318,0.0002653410275355857
PIK3R3,-7.839917116962452,0.1300695243770448
CCL22,-7.831195098722816,5.563915341838167
MAPK8,-7.788910381800188,0.03007238044240498
UNKL,-7.785195644182952,0.011632946157310062
CCND1,-7.766313463567175,1.5864684568147873
ZNRF1,-7.765465143423725,0.000302358601106523
ATF2,-7.740984829258462,0.7303864317443718
FBXO17,-7.726640722670671,0.00033748313362782356
CCL19,-7.68452495027835,0.5362378394818577
CXCL2,-7.684524950278346,0.5362378394818571
CCL3L1,-7.684524950278346,0.5362378394818571
CCL20,-7.6845249502783455,0.5362378394818569
CXCL1,-7.684524950278344,0.5362378394818568
CCL5,-7.684524950278344,0.5362378394818567
CXCL10,-7.684524950278344,0.5362378394818571
CSF3,-7.684524950278344,0.5362378394818567
CCL3,-7.684524950278344,0.5362378394818567
MAP2K4,-7.670933715983616,0.0980224507651441
SEC31A,-7.647637287926129,0.2961338132540843
SEC13,-7.647637287926129,0.29613381325408406
PAK3,-7.589241010435035,0.6582331356113966
CD68,-7.544317644082371,0.011046861815356824
CD47,-7.530619908267827,0.0015545838866060106
CDKN1B,-7.5096309286547696,9.471452022794665e-05
HGF,-7.509288064622324,1.83518894055104
MAVS,-7.507145647526027,1.15405398352268e-05
NLRP4,-7.484839117963719,0.07604487630667364
DTX4,-7.484839117963715,0.07604487630667356
ATOX1,-7.463582905612634,0.03260485079433345
BCL10,-7.448712810697089,2.1422009241328857
SAA1,-7.4358553802715885,2.183373957566292
PRKCD,-7.433412934590979,0.44199403928925446
IL1RN,-7.426624093486675,0.17845499788916777
CD74,-7.420961178882446,4.173994775534707
MAPK10,-7.389151953255147,0.012352826895345248
BTK,-7.357401892264529,0.057866859385782225
CSF2RB,-7.299427830195661,1.5012212782467365
CTSA,-7.298497567256906,0.21735970256851514
FCER1G,-7.229401628885844,2.7343304013689793
ARIH2,-7.21346861656291,0.0002811359856365968
RAP1GAP2,-7.1111000586594315,0.49692299965808095
SOCS2,-7.093245604178248,0.5176839644147565
MAP3K1,-7.093217118222651,0.13078346497856747
CCR2,-7.090935821098356,0.7905827665935065
TGFB1,-7.08975975274137,1.9707678070712449
IL13,-7.0287919113532755,2.399436685801383
LBP,-7.022716061575108,6.174247786916002
SOX2,-7.007234101605953,1.4868773089043579
RNF14,-6.989280277677268,0.0003088903402442129
APP,-6.914059794397876,0.6373024514172283
FPR1,-6.9081866492356,0.08731510105907044
CCR1,-6.9081866492356,0.08731510105907038
CCR5,-6.9081866492356,0.08731510105907038
TIMP1,-6.893413492795651,1.573363068262295
FOXO3,-6.798061493211114,2.3536931456864294
IL23A,-6.777623041981839,1.6871913241451595
HNRNPF,-6.776898026093414,0.00018343862982206612
CALM1,-6.7311295990883036,0.21034863219474098
RNF25,-6.728280157899688,0.0003119651579365816
CD86,-6.722925805773144,1.8337219241451823
TXLNA,-6.559893342506086,0.4565306815871613
MYLIP,-6.559442085172218,0.0002748469731572153
CARD11,-6.541711629334138,1.2416227409962775
SEC24A,-6.498798025550059,0.006503158861148251
SEC24B,-6.498798025550058,0.006503158861148251
LAT2,-6.482098384319185,0.08963999604236998
SIGLEC12,-6.427807753523455,4.162793291791943
FGF2,-6.420900772135091,1.2876488098569177
MMP9,-6.4209007721350595,1.2876488098569199
MMP3,-6.420900772135059,1.2876488098569185
MMP1,-6.420900772135055,1.2876488098569179
POMC,-6.420900772135055,1.2876488098569183
MMP2,-6.420900772135055,1.2876488098569183
IL17A,-6.420900772135055,1.2876488098569183
VEGFA,-6.420900772135052,1.2876488098569172
IL17F,-6.42090077213496,1.2876488098569168
MAP2K7,-6.406044764359322,0.024012938989577837
MAP2K1,-6.406044764359314,0.024012938989577817
CBL,-6.344608975696655,2.919750634326821
RNF114,-6.325913163696316,0.0002847320235777536
LRSAM1,-6.3259131636963,0.0002847320235777536
TRIM9,-6.314492940808309,0.9476059465375071
MAP2K3,-6.270733458699464,0.047485300265252606
MAP2K6,-6.270733458699463,0.047485300265252606
IRS1,-6.267411822186101,0.15147086512812308
IRS2,-6.267411822186101,0.15147086512812308
TRIM4,-6.2334339726807935,0.0001927746836333416
IL1R1,-6.21680760622263,3.721513129952752
PRKCE,-6.167948080277306,0.01301859285952341
STX3,-6.1563565522001396,0.2409274558569101
IL27,-6.133980757912546,2.5825042980245216
TRIM37,-6.132548143531932,0.9971508823713804
RNF6,-6.1325479756380705,0.04240957569594095
LIMK1,-6.1277209215433945,0.07289021057227367
RNF144B,-6.121414892827162,0.011274221564207099
IL1R2,-6.120444187638731,0.8254163289551936
IL16,-6.1066271846316145,0.8310505008100544
SIKE1,-6.083363719323718,0.04383680674382815
OSTF1,-6.043759831605036,0.0003504935002546507
CSF2,-6.006215718948631,1.5219017088612599
MAP3K8,-5.984494646361992,0.034817339480536155
ITGB2,-5.959529869318094,0.002132180113446694
ITGAX,-5.959529869318092,0.002132180113446694
RNF138,-5.944299988675331,0.0002853690577989842
UBOX5,-5.923216568840369,0.03173856456482715
CEBPD,-5.906379521453932,1.36220853003734
TWIST1,-5.906379521453932,1.3622085300373403
RORA,-5.90637952145393,1.3622085300373385
BATF,-5.90637952145393,1.3622085300373403
NANOG,-5.90637952145393,1.3622085300373403
HIF1A,-5.90637952145393,1.3622085300373408
JUNB,-5.90637952145393,1.3622085300373437
POU2F1,-5.9063795214539265,1.362208530037341
BIRC5,-5.9063795214539265,1.362208530037341
PIM1,-5.9063795214539265,1.3622085300373408
MYC,-5.9063795214539265,1.3622085300373439
FOXO1,-5.906379521453925,1.3622085300373405
RORC,-5.906379521453925,1.3622085300373405
ZEB1,-5.906379521453925,1.3622085300373405
IL12B,-5.897577027293039,3.8033486052955685
HECTD3,-5.897104805437105,0.16091851099678534
KLRC1,-5.893543725596607,7.21651690821513
CTNNB1,-5.797346504744861,0.21461436998900443
YWHAZ,-5.771344737727059,0.5009886929104688
VAV2,-5.722384858491264,0.01016839076038087
IL7R,-5.67223680763552,0.09927861841206823
VAMP3,-5.627002533367145,0.09958471106947225
BPIFA1,-5.621346422148743,34.52765548081277
PTPN5,-5.602530119495882,1.3048162569838377
HCK,-5.5759861107274284,1.9871421239091744
CASP8,-5.543342365618955,1.9271108016537217
IL1RL1,-5.463832338070547,0.5776391935946554
CSF1,-5.357353628870135,11.119614809115983
CD80,-5.357352794546166,0.4858286273972649
MAPK1,-5.301358502623966,0.12655589980445092
SRC,-5.285110574915751,0.00039548444724811776
VCP,-5.270585601483813,0.016959785077176336
RNF125,-5.226484229444226,0.00015490949542139835
PPL,-5.174621736250786,9.7602378590323
GH1,-5.131208477340213,2.1694085389602593
GH2,-5.131208477340213,2.1694085389602593
CD209,-5.124120149694329,5.703650593734343
CISH,-5.053418758282954,0.21887642471287486
MS4A3,-5.025233360405104,0.001015854819385632
JAK3,-4.9990495791651615,6.242063688519092
IKBKG,-4.993924353661258,0.07341405787790788
IL3,-4.922661720973325,1.1522560097906074
IL3RA,-4.922661720973325,1.1522560097906074
IL5RA,-4.922661281508588,1.5535381629817504
PIN1,-4.8668956784027255,3.1123043108281188
OPRD1,-4.849540667911294,0.00869862845057558
SH2B1,-4.818580510954292,0.44753821849437536
WAS,-4.814888957510741,0.2828443552323835
DYNLT1,-4.793959963893038,0.13403238508487386
ZNRF2,-4.7605315524394305,0.00024290038755809865
SIAH2,-4.760531552439427,0.00024290038755809892
TRIM36,-4.760531552439427,0.00024290038755809892
CUL1,-4.760531552439426,0.00024290038755809892
DTX3L,-4.760531552439426,0.00024290038755809892
RNF19A,-4.760531552439426,0.00024290038755809892
RNF217,-4.760531552439426,0.00024290038755809892
RNF213,-4.760531552439426,0.00024290038755809892
SPSB1,-4.760531552439426,0.00024290038755809892
RLIM,-4.760531552439426,0.00024290038755809892
UBR4,-4.760531552439426,0.00024290038755809892
HECTD2,-4.760531552439426,0.00024290038755809892
FBXL4,-4.760531552439426,0.00024290038755809892
WSB1,-4.760531552439426,0.00024290038755809892
HUWE1,-4.760531552439426,0.00024290038755809892
UBR2,-4.760531552439426,0.00024290038755809892
HERC6,-4.760531552439426,0.00024290038755809892
MIB2,-4.760531552439426,0.00024290038755809892
TRIP12,-4.760531552439426,0.00024290038755809892
UBE4A,-4.760531552439425,0.00024290038755809865
PARK2,-4.760531552439425,0.00024290038755817871
HERC2,-4.760531552439425,0.00024290038755817871
SMURF1,-4.760531552439425,0.00024290038755817871
STUB1,-4.760531552439425,0.00024290038755817871
MGRN1,-4.760531552439425,0.00024290038755817871
RNF123,-4.760531552439425,0.00024290038755817871
RNF220,-4.760531552439425,0.00024290038755817871
VPRBP,-4.760531552439425,0.00024290038755817871
TRIM69,-4.760531552439425,0.00024290038755817871
RBBP6,-4.760531552439425,0.00024290038755817871
NEDD4L,-4.760531552439425,0.00024290038755817871
PJA1,-4.760531552439425,0.00024290038755817871
RNF34,-4.760531552439425,0.00024290038755817871
PJA2,-4.760531552439425,0.00024290038755817871
UFL1,-4.760531552439424,0.00024290038755817871
TRIM71,-4.760531552439424,0.00024290038755817871
TRAF7,-4.760531552439424,0.00024290038755817871
LTN1,-4.760531552439423,0.00024290038755809892
DET1,-4.7605315524394225,0.00024290038755817871
FBXO44,-4.7605315524394225,0.00024290038755817871
UBE3C,-4.760531552439422,0.00024290038755817871
LRRC41,-4.760531552439422,0.00024290038755817871
RCHY1,-4.760531552439422,0.00024290038755817871
GAN,-4.760531552439422,0.00024290038755817871
SPSB2,-4.76053155243942,0.00024290038755817871
RNF130,-4.76053155243942,0.00024290038755817871
HERC1,-4.76053155243942,0.0002429003875580201
HACE1,-4.76053155243942,0.0002429003875580201
MEX3C,-4.76053155243942,0.0002429003875580201
HERC3,-4.76053155243942,0.0002429003875580201
AREL1,-4.76053155243942,0.0002429003875580201
HECW2,-4.76053155243942,0.0002429003875580201
KLHL11,-4.76053155243942,0.0002429003875580201
HERC4,-4.76053155243942,0.00024290038755817871
TRAIP,-4.76053155243942,0.0002429003875580201
LRR1,-4.760531552439419,0.00024290038755809892
UBE3B,-4.760531552439419,0.00024290038755809892
FBXO27,-4.760531552439419,0.00024290038755809892
UBR1,-4.760531552439419,0.00024290038755809892
UBE3D,-4.760531552439419,0.00024290038755809892
TRIM63,-4.760531552439419,0.00024290038755809892
TRIM11,-4.760531552439419,0.00024290038755809892
SPSB4,-4.760531552439419,0.00024290038755809892
SNAP23,-4.7491655206876295,0.03901047357584262
SNAP29,-4.747866039555236,0.016549101843663247
IL2RG,-4.652486795723978,0.555621971653875
EVL,-4.587249638714946,0.687134840485097
TNFSF14,-4.583270877087537,5.696254959689137
C7,-4.57158397729484,0.20643219400828172
IL13RA1,-4.472737824020169,0.24952371787626265
IL6ST,-4.456970674459571,0.4015254453708285
PTPN9,-4.444135747113617,1.944118389395109
PTPN18,-4.444135591508159,1.0281792525278048
PTPN2,-4.444135591508158,1.0281792525278048
PTPN23,-4.4441355915081555,1.0281792525278053
PTPN7,-4.4441355915081555,1.028179252527805
PTPN13,-4.4441355915081555,1.028179252527805
PTPN14,-4.4441355915081555,1.028179252527805
PTPN20,-4.4441355915081555,1.028179252527805
PTPN12,-4.444135591508154,1.0281792525278037
NFKBIA,-4.328130447569329,1.1075285940629391
CLEC4G,-4.31298298028046,1.228283653708424
PTPN4,-4.288322499377487,1.484103713035233
CSK,-4.283274264895566,4.141416014545076
PDCD1LG2,-4.260143817972461,0.3231910566347555
EDA,-4.2099614609130365,0.795790388694878
ICAM3,-4.16572853424035,3.1973837288818663
FASLG,-4.155870661688177,0.008248953831717316
TKFC,-4.1472238772869074,0.6786025038577275
STAT4,-4.120448103736165,27.76754985594817
DEFB127,-4.116579124899778,49.43501352484234
IL9,-4.107247330239622,0.1833915566418869
WIPF2,-4.095965957411829,0.0007005292673779554
IL4,-4.093853661273798,0.1071044223809374
PTPN6,-4.091327412750821,2.2499428547853264
DNM1,-4.081537602484825,0.046675861048489385
DNM3,-4.081537602484825,0.04667586104848941
PSME2,-4.032625119814841,7.794422954721854e-05
GCA,-4.015684995726629,2.410442243883512
CDA,-4.0036814918657155,7.741763470465581e-05
IFNA4,-3.9986881366858804,10.996460544164123
IL5,-3.9854380929276396,1.1334474170111362
HNRNPA2B1,-3.9699000015818875,0.00035222026263102986
DEFB103A,-3.9638085669609806,48.246314722743996
IFNB1,-3.9624280777790366,10.959604966804918
NCKIPSD,-3.9583807549549745,0.24322094834656538
SPTBN2,-3.957319879467155,0.2147612592930989
ACTR1A,-3.957319879467155,0.2147612592930989
ACTR1B,-3.9573198794671485,0.21476125929309917
C9,-3.9527080356363458,1.8123940906354912
DEFB4A,-3.925186196409026,46.82407671851451
DEFA1,-3.9190438701859733,47.44680888264224
IL18R1,-3.9186265058065035,1.0938919790984905
CREB1,-3.9171602330646813,0.00033463889161835576
DEFA3,-3.9163222894533423,47.17603454619601
IL11RA,-3.8973104509418923,0.6931471220114338
DEFB121,-3.892889204830783,46.93491148893813
DEFA6,-3.8901087274282213,46.311613696668864
DEFA5,-3.8901087274282204,46.31161369666886
DEFA4,-3.8901087274282196,46.311613696668864
DEFB1,-3.8805545630754104,45.66856655079828
DEFB124,-3.8762665382685677,45.596675861553216
DEFB126,-3.8762664576551655,45.38302754252273
DEFB110,-3.8762664576551655,45.38302754252273
DEFB114,-3.8762664576551655,45.38302754252273
DEFB113,-3.8762664576551655,45.38302754252273
DEFB136,-3.8762664576551655,45.38302754252273
DEFB107A,-3.8762664576551655,45.38302754252273
DEFB132,-3.8762664576551655,45.38302754252273
DEFB115,-3.8762664576551655,45.38302754252273
DEFB134,-3.8762664576551655,45.38302754252273
DEFB123,-3.8762664576551655,45.38302754252273
DEFB131,-3.8762664576551655,45.38302754252273
DEFB106A,-3.8762664576551655,45.38302754252273
DEFB135,-3.8762664576551655,45.38302754252273
DEFB105A,-3.8762664576551646,45.38302754252274
DEFB130A,-3.8762664576551646,45.38302754252274
DEFB133,-3.8762664576551646,45.38302754252274
DEFB129,-3.8762664576551646,45.38302754252274
DEFB108B,-3.8762664576551646,45.38302754252274
DEFB128,-3.8762664576551646,45.38302754252273
DEFB112,-3.8762664576551646,45.38302754252274
DEFB119,-3.8762664576551646,45.38302754252273
DEFB117,-3.8762664576551646,45.38302754252274
DEFB116,-3.8762664576551646,45.38302754252273
DEFB125,-3.8762664576551646,45.38302754252273
DEFB118,-3.8762664576551646,45.38302754252273
DEFB130B,-3.8762664576551638,45.38302754252273
DEFB104A,-3.8762664576551638,45.38302754252273
ICAM2,-3.875772206469777,2.6552360922114326
CREBBP,-3.8735631772797707,3.0372807135095274
EP300,-3.8735631772797707,3.0372807135095274
IFNA17,-3.8460449676228836,10.242427264096458
IFNA14,-3.8460449676228836,10.242427264096458
IFNA6,-3.8460449676228836,10.242427264096458
IFNA2,-3.8460449676228827,10.242427264096458
IFNA10,-3.8460449676228827,10.242427264096452
IFNA7,-3.846044967622882,10.242427264096449
IFNA5,-3.846044967622881,10.242427264096452
IFNA8,-3.846044967622881,10.24242726409645
IFNA1,-3.8460449676228805,10.242427264096449
IFNA16,-3.8460449676228805,10.24242726409645
IFNA21,-3.8460449676228805,10.242427264096449
DEFB108P1,-3.8451085097220514,44.00267168018828
DEFB109B,-3.8451085097220514,44.00267168018828
IL13RA2,-3.8383827835326785,0.671201744431148
ZBP1,-3.8365860058888535,0.0008080773029191683
SH3GL2,-3.8304259898325976,0.09267226899546993
IL12RB2,-3.8274263959681134,0.1625698805655325
MALT1,-3.8078974142166944,1.6697461902632749
RPS6KA2,-3.8034169844968133,0.6951507087091323
EDA2R,-3.7936571871326006,0.21008886218418008
PDPK1,-3.7840284672934197,0.058757721733114714
IL10RB,-3.7714966575899327,0.15714350774928826
IL10,-3.739325080153578,7.866189990472584
IL7,-3.7326303623506947,0.3330867159596619
DDX41,-3.726514980512723,4.390040993887502
CSF2RA,-3.6644281324343804,0.2547401307877833
FLNA,-3.654415278863438,2.1725732753640066
IRAK2,-3.6480916211960697,0.3399810242661469
OSMR,-3.6100900486025354,0.027326305787904452
RASGRP1,-3.6005937731184443,0.376016487086438
RIPK3,-3.566267497817977,0.09328334653420348
CASP1,-3.518493914872459,2.5741471269455936
PCBP2,-3.4453652697747854,0.028810321221797268
IFNL1,-3.4332618875602754,0.19476304568617556
IL9R,-3.395871092245652,0.141005100054073
LIFR,-3.3374024456348472,0.02122191641140047
BCL2L1,-3.3040661437494436,4.493939003372415
CLEC10A,-3.2791257854536715,1.1451463076803245
GRB10,-3.2752132238523535,0.0270581129007308
CRKL,-3.27420121820187,0.35392190286368463
FLT3,-3.25705907511415,3.0000805456409894
KPNA1,-3.1839169023221565,2.1682023186572175
IL12RB1,-3.1826546732957954,0.13729823598386046
MCEMP1,-3.153293773212631,0.0004405452974239641
TEC,-3.1306943046532676,0.20293800100734719
IMPDH1,-3.1183860617136374,0.000324876313014779
ITK,-3.101634134928028,0.20110110336682266
PRLR,-3.087360629917054,0.23511490343387054
CD22,-3.0777097270886764,2.7391051933148227
SIRPA,-3.070236313184399,0.029443294715049702
BAIAP2,-3.0544618616371815,0.09107189175773198
AIM2,-3.0466638754211295,4.314865391479915
CRK,-3.0408034354383875,0.3188010886293174
RPS6KA1,-2.986398289143888,0.46751261142372613
RPS6KA3,-2.986398289143888,0.4675126114237261
ALDOC,-2.9843323598994576,0.23782742588531727
IFNLR1,-2.920501399551767,0.17136422042832314
FTH1,-2.9087191788392976,0.15156452222480335
FTL,-2.9087191788392817,0.15156452222480335
INPP5D,-2.9054900211577572,0.06433815402740511
INPPL1,-2.9054900211577563,0.06433815402740511
TNFRSF14,-2.9005331974726953,2.144841629961406
NFATC2,-2.8823905280005264,0.19157382094718262
NFATC3,-2.882390528000526,0.1915738209471825
NFATC1,-2.8823905280005255,0.19157382094718275
CFL1,-2.8783447086975626,0.056690260150147165
TOM1,-2.8777887458029627,1.315691988132452
UNC93B1,-2.8710268330615376,4.4793975750414825
VASP,-2.870268427639182,0.36433541044580514
JUN,-2.842446242575281,0.38665970745198414
NECTIN2,-2.835975032166367,1.8468196947083462
STAT2,-2.820492454111812,0.02861249651089225
SOCS6,-2.814359694060265,0.17033745446056142
RASGRP4,-2.763569587871091,1.2548339391045373
RASGRP2,-2.763569226327305,0.34389792204540254
VTN,-2.7245792033268046,0.2652772067972913
TICAM1,-2.7236254458259723,0.003788096403449799
C2,-2.718806034442145,54.09220261857672
GHR,-2.6751405283894303,1.442488628570906
KLRG1,-2.639534724092033,1.9097866258503289
HMGB1,-2.6339634315820972,3.7142575957327977
PILRA,-2.625992235121519,3.6033045862185884
SIRPB1,-2.5916316620798323,8.393175720485624
IL2RB,-2.5902552188253303,0.16192838921515215
YWHAB,-2.588389936066372,0.09260105794473233
HSPA6,-2.586406004366196,0.6183250953395878
PRL,-2.585176225787774,0.33949841835839195
ARHGAP9,-2.5685224900902197,0.00021349079633072282
CD14,-2.5594593304159954,8.491099753885628
BTN2A1,-2.536209818562685,0.7502500433416988
MGST1,-2.5361472092095148,0.027186735690201153
C3,-2.521942441596424,13.131946154304968
MRC2,-2.5168598542230285,0.4850357813881566
MRC1,-2.5168598542230285,0.48503578138815673
CD207,-2.5168598542230285,0.48503578138815673
SIGIRR,-2.515571726844679,0.7664377917034522
CSF3R,-2.5057032106847177,6.028886253973397
TNFRSF1A,-2.5013373816500573,0.7416076472204535
SLPI,-2.4914356079428814,0.00015073787018541146
ICAM5,-2.484767088891288,0.6320356291814857
ICAM4,-2.484767088891288,0.6320356291814857
IL36RN,-2.472106379796928,0.8071531769892197
ALDOA,-2.462113937112611,0.6963673229652283
PTK2B,-2.4592624281146183,1.1355820961364178
PIAS1,-2.4474823943773423,0.047253525362739385
TLR3,-2.445243806080011,4.578314696995542
RAPGEF3,-2.439228494772037,2.980559143694859
PIK3AP1,-2.432280956869757,0.5130928227842559
SOCS5,-2.428175264455519,0.08464903331217967
MUC12,-2.4270551432493153,0.2639728235244578
MUC17,-2.4270551432493153,0.2639728235244578
MUC5B,-2.4270551432493153,0.2639728235244578
MUC3A,-2.4270551432493153,0.2639728235244578
MUCL1,-2.4270551432493153,0.2639728235244578
MUC15,-2.4270551432493144,0.26397282352445467
MUC5AC,-2.427055143249314,0.2639728235244571
MUC13,-2.427055143249314,0.2639728235244571
MUC7,-2.427055143249314,0.2639728235244575
MUC21,-2.427055143249314,0.2639728235244581
MUC16,-2.427055143249314,0.2639728235244575
MUC2,-2.427055143249314,0.2639728235244575
MUC6,-2.427055143249314,0.26397282352445445
MUC19,-2.427055143249314,0.2639728235244575
MUC4,-2.427055143249314,0.2639728235244575
MUC3B,-2.4270551432493135,0.2639728235244544
MUC20,-2.4270551432493135,0.2639728235244575
TANK,-2.4226531498171298,0.32756310149287265
RAF1,-2.4054427084976147,1.2408543396994833
MEF2C,-2.402161130001278,0.19822441810455457
MEF2A,-2.402161130001278,0.19822441810455457
KIR2DL4,-2.3462935342680447,2.7119306381866717
IL1RAPL1,-2.3406885506210537,0.004872234702312795
CASP10,-2.330657265959438,0.18100432647484344
PIANP,-2.2940627359598595,2.089013809683949
TYROBP,-2.2637080590364707,16.913169390277897
TXN,-2.2589175466530147,2.8063312411757897
IL18BP,-2.2510813415357274,0.7788285504655766
WIPF3,-2.197099491881129,0.00024382030088141799
HSP90AB1,-2.195396050763641,0.08483990917830384
PRKCB,-2.1816216201978262,1.0214290767116685
CNTFR,-2.1700105305740776,2.6548722765679056
CTF1,-2.1279095868574833,0.11286765625844143
PRKCQ,-2.116624330807669,0.026201629867711
CFB,-2.1086971227507516,23.655176523193962
CHUK,-2.0995020139726996,0.006706326058267718
IKBKB,-2.0995020139726996,0.006706326058267718
PYCARD,-2.0810212211664645,5.0880031610399685
PPIA,-2.0783400061611643,2.498023868853475e-05
PKM,-2.067261251043645,2.4899666137924094e-05
ELK1,-2.0633732602452137,0.00019070528183595388
ATF1,-2.0633732602452137,0.00019070528183595388
RPS6KA5,-2.063373260245211,0.0001907052818357925
SYNGR1,-2.033100257267905,7.158294193319254e-05
PYGB,-2.0234375172209673,0.9822019356541984
CD33,-2.0166370468796933,1.8093471791657294
SIGLEC9,-2.016636244471015,0.9042579916759882
SIGLEC6,-2.016636244471015,0.9042579916759889
SIGLEC8,-2.016636244471015,0.9042579916759889
SIGLEC7,-2.0166362444710146,0.9042579916759886
SIGLEC11,-2.0166362444710146,0.9042579916759886
SIGLEC5,-2.016636244471014,0.9042579916759887
SIGLEC10,-2.016636244471014,0.9042579916759887
SIGLEC1,-2.0166362444710133,0.9042579916759889
GATA3,-2.0160335285443076,6.362357901869806e-05
RIPK2,-1.9667457054469961,0.37108797706006286
TLR9,-1.941831452179436,4.531842522687357
BTLA,-1.939749630877431,0.47908031080226066
CFP,-1.9384104884155264,3.7091015145766525e-05
KPNB1,-1.9371164003116883,0.6890556706384986
TREM1,-1.9139923226030404,15.697314398977925
NCR2,-1.9139923226030404,15.697314398977934
CD300LB,-1.9139923226030404,15.697314398977925
CD300E,-1.9139923226030404,15.697314398977927
TREM2,-1.9139923226030404,15.697314398977923
BOLA2,-1.913570635259742,0.9890752979802853
ZAP70,-1.9094850554943164,0.007776554066483756
IL11,-1.8889592425436885,0.10285413729377262
CASP2,-1.871463732222464,0.10461962211338367
CASP4,-1.871463732222464,0.10461962211338367
CASP9,-1.871463732222464,0.10461962211338367
COPB1,-1.8566798031420833,8.873409754868577e-05
KLRD1,-1.8392914518175643,0.28957052006508244
NPDC1,-1.8336509526169862,0.33033751554926677
MVP,-1.8317020926714076,0.012634593926880383
TIRAP,-1.8304749935747977,0.09120583730330473
CD4,-1.7995463334026354,0.4679692406704927
DYNLL1,-1.7858182575384645,0.3343956684853586
EDAR,-1.7746037930470888,0.049734415035471054
BPIFA2,-1.7708863388563416,12.152863601816948
BPIFB2,-1.7708820674818568,5.185043533125695
BPIFB4,-1.7708820674818568,5.185043533125695
BPIFB1,-1.7708820674818568,5.185043533125699
BPIFB6,-1.7708820674818568,5.185043533125698
BCL2,-1.7567033666171494,0.8238990111991353
IL22RA1,-1.7488920984776681,0.10582081826705751
RNF135,-1.7448824348790455,2.2527012348683944e-05
IL24,-1.7399745241497364,0.2266019716596689
CDC42,-1.7327917378181157,0.002207358350269039
USP18,-1.728533949075138,1.9752624137804482
DAPP1,-1.7160019983436177,0.02968744450835457
NOD1,-1.7127054408016045,0.25278396623496
PTPN1,-1.708206376091566,0.02310623473339042
HSPA8,-1.703512532085591,0.9879460393698024
CRACR2A,-1.699414504323954,0.0006927159462482284
TLR8,-1.6876294488543966,2.57908070609412
TLR7,-1.6876294488543966,2.5790807060941203
CNPY3,-1.6876294488543957,2.5790807060941208
PDCD1,-1.6699627308510643,3.9438300838355533
CD274,-1.6699447651104138,0.06356104583276688
CD300LD,-1.6616563704302234,9.489700489424376
TREML1,-1.661656370430223,9.489700489424376
CD300A,-1.661656370430223,9.489700489424376
CD300C,-1.661656370430223,9.489700489424372
TREML4,-1.661656370430223,9.489700489424376
CD300LF,-1.661656370430223,9.489700489424372
CD300LG,-1.661656370430223,9.489700489424372
TREML2,-1.661656370430223,9.489700489424372
CUL5,-1.6418866272723056,0.007139232696607912
RNF7,-1.6418866272723056,0.007139232696607912
IL2RA,-1.6374364927125127,0.5923779591506746
IL2,-1.6374364927125127,0.5923779591506744
CD226,-1.6252350940936136,0.12796601547700118
AGER,-1.6141283127210093,0.25226555991741245
IL1RL2,-1.6081067056820006,0.2631758842727967
PIK3R2,-1.6002427788662035,0.022433227074501624
DHX36,-1.5891971718469928,0.5910287724781171
DHX9,-1.5891971718469928,0.5910287724781171
KIR2DL2,-1.5796605916377997,0.37700854649597504
PDAP1,-1.559437029266749,0.0009095191329316788
CNTF,-1.5528787884171449,0.907132509828422
FYB,-1.5385063878780838,0.08235727269423637
TNIP2,-1.5263558473885133,0.02555526163198511
ENAH,-1.5254844282360724,0.0683384549984971
GNLY,-1.4975854257169707,4.835075313977274
IL26,-1.4938746742396516,0.14040178494167874
NOD2,-1.4655968230021261,2.733760937922664
TMBIM1,-1.4256062503581008,0.38523839829607043
SOS1,-1.411122916910649,0.2854098714651784
CMTM6,-1.4040638055100128,9.306328440049832
PIK3CA,-1.394188550331239,0.514923758918116
CDH1,-1.392966151131047,0.29366001634361727
KRAS,-1.391040507598525,4.8598489939568575e-05
NLRP1,-1.3850367999723392,0.14544052678384684
NFKB1,-1.3703295204406136,0.00827861268398383
RASGRP3,-1.3684596285986939,0.020848042789394602
MYO5A,-1.3531396245757386,0.010696135587948512
MYO1C,-1.3531396245757383,0.010696135587948512
MYH2,-1.3531396245757377,0.010696135587948512
MYO9B,-1.3531396245757332,0.010696135587948512
MYH9,-1.3531396245757332,0.010696135587948512
PGRMC1,-1.3409176198265433,0.8782776031033569
IL1RAP,-1.3332554567803319,0.707168384137951
LAIR2,-1.3208805571564257,1.8156362757356992
APEH,-1.3026815699413192,0.9860177693256201
SIGLEC14,-1.2893611821084427,5.575755122711292
SIGLEC16,-1.2893611821084427,5.575755122711292
SIGLEC15,-1.2893611821084427,5.575755122711292
KIR2DS5,-1.2893609765370495,5.033263037426169
CLEC5A,-1.2893609765370475,5.033263037426172
IL20RA,-1.277054020348158,0.225378571791389
LMNB1,-1.2605767448202605,0.2097743052384014
TXNIP,-1.2575973441926427,1.6378480864709581
TNFSF15,-1.2349899513795208,2.360509979478813
TNFRSF6B,-1.2349894492348368,0.770666193096967
TNFSF6,-1.2349894492348368,0.7706661930969673
CRTAM,-1.2269086843641581,0.14124017338077716
PSMD3,-1.2228452404595418,0.034614148824301756
NRAS,-1.1873504183080756,0.143307806940432
CD160,-1.1531819495594617,7.811341963690133
PRTN3,-1.1531797098490166,4.392650502817386
ELANE,-1.1531790188746338,3.291227797413279
CTSG,-1.1531790188746334,3.291227797413279
CAMP,-1.1531785935287666,2.2168892488567518
BCL2L11,-1.1427751761373566,0.020131219226733835
CCR6,-1.1418260607261965,0.21080336527421645
CLCF1,-1.1270922229434084,1.2260242702491428
CRLF1,-1.1270922229434084,1.4241027811619178
IL27RA,-1.1073980239009438,2.6582710556556344
TRAT1,-1.104754239812299,0.301828665200774
BLNK,-1.0906401930459517,0.20080755850222431
PYGL,-1.0838830628174243,0.13365535651581886
FGG,-1.0833720015224284,0.4556542335622821
FGA,-1.0833720015224284,0.45565423356228185
FGB,-1.0833720015224284,0.4556542335622823
COL1A2,-1.0766680673157143,0.9300086350070534
FN1,-1.0766680673157143,0.9300086350070541
ANXA1,-1.0766680673157143,0.9300086350070539
F13A1,-1.0766680673157143,0.9300086350070536
LAMA5,-1.0766680673157143,0.9300086350070531
CD59,-1.074196122798527,0.19707331819600482
fliC,-1.0682855776722135,0.5696203688421165
PILRB,-1.0625187553777034,0.6870796711307812
CD99,-1.0625187553777034,0.6870796711307812
BTNL2,-1.0465691538322905,0.4339087670613616
RNASE3,-1.043374522952686,4.3766510647234504
RNASE8,-1.043374522952686,4.376651064723454
RNASE7,-1.043374522952686,4.3766510647234504
RNASE6,-1.043374522952686,4.3766510647234504
SH2B3,-1.040669278207222,0.16683453970160717
SLA,-1.040669278207222,0.16683453970160717
ABL2,-1.0406692782072215,0.16683453970160717
SLA2,-1.0406692782072215,0.16683453970160714
MRE11,-1.030835974631569,0.6368223515003179
IL20RB,-1.0265159515621596,0.25083949573695136
AAMP,-1.0212879393576504,0.9106667940631328
CD96,-1.0000000289863946,4.4008962661546736e-13
IL32,-0.9791714306288354,1.5153752578688053
FUCA2,-0.9670974989929115,0.01595131514454745
RAPGEF1,-0.9589942702878527,0.24316153043472755
IL33,-0.9497983343406343,0.14229197775520253
BTN3A1,-0.9382667714574401,4.737824352614911
BTN1A1,-0.9382665686210473,3.9308796154199253
MAP3K7,-0.9310288066663858,0.0001841449463226915
KIR2DL1,-0.930165229587982,2.5577491893291566
TLR5,-0.9277550195233781,0.5460777616389656
IL19,-0.9050778210241139,0.18018610355307893
CD36,-0.8963190473273298,8.635953496599063
mip,-0.8962798325381067,1.5578591540703268
ABCE1,-0.8740382109508763,2.108951749556586
ALOX15,-0.8676028041105227,0.1320115449673741
PTPN22,-0.8621072879858891,0.21927384941922431
PAG1,-0.8621072879858889,0.21927384941922434
ALPK1,-0.8362996546313961,0.5164446686230295
TRPC1,-0.8308661685338675,1.2484640025077003
OSCAR,-0.8254317621848742,0.9307942823420879
IL15,-0.8228450097540725,2.1326956575006406
IL15RA,-0.8228450097540725,2.1326956575006406
TNFRSF25,-0.8063284371307857,0.4779952041792968
BRWD1,-0.8052638368984043,5.115645557411537
ICOS,-0.7626247259815301,2.344540977597
NLRC5,-0.7594653532895308,0.18904135665522745
RAB4B,-0.7534190813358995,0.0459143874112387
PANX1,-0.7260613401023235,0.18831040561734075
DDOST,-0.7171346433772738,1.15206919454279
PRKCSH,-0.7171346433772738,1.15206919454279
LGALS3,-0.7171346433772738,1.15206919454279
BTNL9,-0.716644890869026,1.9854937750480937
REG3A,-0.7087726436509598,1.9159655070031953
CAPZA1,-0.7083226484389825,0.8081489804872578
PI3,-0.6964477914662636,1.3422878729634649
HTN1,-0.6928510955125097,3.5233738562882806
HTN3,-0.692851095512509,3.52337385628828
NLRP3,-0.6883739331618909,0.5753157143062203
LTBR,-0.6805653654629391,1.7638363212815185
MOSPD2,-0.6703973007512457,1.1691442948568325
IST1,-0.667073782040582,0.13081209425275964
TNFRSF11A,-0.6643799525833762,2.1675739703067376
DCD,-0.6597004184854202,0.846621143349654
LEAP2,-0.6597004184854202,0.8466211433496557
CHGA,-0.6597004184854197,0.8466211433496552
RBSN,-0.6536255836107565,0.608020640929573
SCAMP1,-0.6405720994529315,0.00897216687854627
TLR10,-0.625427835739563,0.13650698853166685
TNFRSF12A,-0.6125540958085679,0.1840203562948265
IL1F10,-0.6046589583935293,2.8278084698865915
ICOSLG,-0.5976291245021221,1.1133010677793926
IFNAR2,-0.5936465623201694,0.32619312377395304
REG3G,-0.5885709241273678,0.9080894330230872
TNFRSF13C,-0.5707459983126885,0.36803447554358587
CAPZA2,-0.5699923122384689,0.3430157831474616
RAPGEF4,-0.5680755590653097,0.469039609211602
BPI,-0.5617751945131149,2.2779025368409958
SSA1,-0.5598758410299962,1.5985807008884014
SSA2,-0.5598758410299962,1.5985807008884014
IL36B,-0.5575347702542326,0.25846151227026004
IL36G,-0.5575347702542326,0.25846151227026004
IL36A,-0.5575347702542324,0.25846151227026004
TICAM2,-0.5457703962409884,0.08785011676464498
XDH,-0.5214439441829039,0.6783097793841777
BTN3A2,-0.5214439230134373,1.3516995587372287
BTN3A3,-0.5214439230134373,1.3516995587372287
SARM1,-0.5043719264756208,0.5487271615985853
hly,-0.5039551468288328,0.07657930083109439
ALOX5,-0.4802412364215065,0.0022189158202891197
TSLP,-0.47524445680884847,0.08119306638345287
IFI16,-0.47317599064777305,1.1686998515117015
IL34,-0.4721191292178737,8.59995431589114
CGAS,-0.4425823236563106,1.0940658496323992
H3C1,-0.42990018790537016,1.317968718685067
H3C15,-0.42990018790537005,1.317968718685067
SMARCA4,-0.4299001445123162,1.0478614162201625
CCL17,-0.4178272542590071,0.0022720881197700665
IL18RAP,-0.3926064406686032,0.1325654528296107
IL21,-0.3831392063624499,0.21256897911506653
prgJ,-0.36388887163766065,0.03046710256521516
NLRC4,-0.3638888716376603,0.03046710256521516
fljB,-0.3638888716376603,0.030467102565215304
TNFRSF11B,-0.35799218605486793,0.6917188002837954
TNFRSF17,-0.3533764517615254,1.145118057100989
TNFRSF13B,-0.35337645176152527,1.14511805710099
LYZ,-0.3306219578964159,0.27999206799152854
IL20,-0.3099965559927379,0.3698345432209582
PRKDC,-0.30821883606662626,1.2973870667140643
SUGT1,-0.24368265846299625,0.0056600393446070455
PTPRZ1,-0.2007487455839727,2.253090983921948
CSF1R,-0.2007487455839727,2.6671905532895614
SDC1,-0.2007487455839727,2.3661989949443214
FKBP1A,-0.11612058265283737,5.674703144497805
IL17RE,-0.08170419493190659,4.4008962661546736e-13
IL17RB,-0.08170419493190659,4.4008962661546736e-13
IL17RC,-0.029049434531727605,4.4008962661546736e-13
VAMP8,-0.022477998169680977,0.02713174694556123
NFKBIB,-0.01386345149425234,2.654014177573955
RELB,-0.0028241762417566285,2.698206423987223
RELA,-0.0028241762417566285,2.698206423987223
IRAK3,-0.0017113726102982033,13.573716836798608
LAG3,-0.0013849602810111002,0.13084087343848727
NF2,-0.000735471232681563,4.048272661086781
IL22RA2,-0.00044802520409073407,1.1486234289574815
CD101,-0.00017264813682151694,5.787908302452514
VAMP7,-0.0001534660068906882,0.23184694688279123
DHX58,-4.447093191072094e-05,2.186299600663813
NLRC3,-2.613314933335913e-05,0.971941399448012
IL22,-1.9613543829016063e-06,1.9987577662244078
JAML,-2.898639625096342e-08,2.0000000000004245
TNFSF18,-2.898639625096342e-08,2.00000000000043
env,-2.898639625096342e-08,5.000000000000401
MIF,-2.898639625096342e-08,4.3996993069562496e-13
SERPING1,-2.898639625096342e-08,5.757080551296126
CXADR,-2.898639625096342e-08,2.0000000000004245
CA1,-2.898639625096342e-08,4.3996993069562496e-13
FCGR2A,-2.898639625096342e-08,4.035039383537526
HMOX2,-2.898639625096342e-08,4.4008962661546736e-13
ANXA2,-2.898639625096342e-08,4.3996993069562496e-13
P2RX7,-2.898639625096342e-08,3.1475053334186462
RAP1B,-2.898639625096342e-08,4.3996993069562496e-13
XRCC5,-2.898639625096342e-08,1.000000000000435
PSMD14,-2.898639625096342e-08,1.000000000000435
TNFRSF8,-2.898639625096342e-08,2.00000000000043
PSMD2,-2.898639625096342e-08,1.000000000000435
PSMD7,-2.898639625096342e-08,1.000000000000435
XRCC6,-2.898639625096342e-08,1.0000000000004354
LILRB3,-2.898639625096342e-08,12.000000000000394
MADCAM1,-2.898639625096342e-08,6.000000000000379
IGHG4,-2.898639625096342e-08,0.38138738829374225
LAMTOR2,-2.898639625096342e-08,1.0000000000004345
ARF1,-2.898639625096342e-08,4.3996993069562496e-13
IGHG1,-2.898639625096342e-08,0.38138738829374225
ILF2,-2.898639625096342e-08,1.000000000000435
LAIR1,-2.898639625096342e-08,2.000000000000439
PTGS2,-2.898639625096342e-08,4.400497279755199e-13
IQGAP1,-2.898639625096342e-08,1.0000000000004354
LILRA3,-2.898639625096342e-08,12.000000000000394
LILRB2,-2.898639625096342e-08,12.000000000000394
LAMTOR3,-2.898639625096342e-08,1.000000000000435
IGHE,-2.898639625096342e-08,0.38138738829374225
CCL11,-2.898639625096342e-08,0.38138738829374225
PSMC2,-2.898639625096342e-08,1.000000000000435
TNFRSF18,-2.898639625096342e-08,2.00000000000043
TP53,-2.898639625096342e-08,0.2322819056016605
NDN,-2.898639625096342e-08,0.2322819056016605
HSP90B1,-2.898639625096342e-08,4.400497279755199e-13
LGALS9,-2.898639625096342e-08,2.000000000000405
MSN,-2.898639625096342e-08,4.3996993069562496e-13
CLEC4A,-2.898639625096342e-08,5.000000000000401
PITPNA,-2.898639625096342e-08,4.3996993069562496e-13
LCP1,-2.898639625096342e-08,4.3996993069562496e-13
HNRNPDL,-2.898639625096342e-08,4.3996993069562496e-13
MTAP,-2.898639625096342e-08,4.3996993069562496e-13
SELL,-2.898639625096342e-08,6.000000000000379
KIR3DL1,-2.898639625096342e-08,2.0000000000004388
TNFRSF9,-2.898639625096342e-08,2.00000000000043
SOS2,-2.898639625096342e-08,0.04510420767979504
BTNL8,-2.898639625096342e-08,2.00000000000044
ULBP3,-2.898639625096342e-08,6.000000000000438
GLYCAM1,-2.898639625096342e-08,6.000000000000356
HSP9,-2.898639625096342e-08,0.2347008654578443
LILRB1,-2.898639625096342e-08,12.000000000000394
SNRPA1,-2.898639625096342e-08,4.3996993069562496e-13
AIP,-2.898639625096342e-08,4.3996993069562496e-13
GSTA2,-2.898639625096342e-08,4.3996993069562496e-13
CNN2,-2.898639625096342e-08,4.3996993069562496e-13
TCP1,-2.898639625096342e-08,4.3996993069562496e-13
SOD1,-2.898639625096342e-08,4.3996993069562496e-13
LILRA2,-2.898639625096342e-08,12.000000000000394
HSPA9,-2.898639625096342e-08,4.4001459982513136e-13
Genome polyprotein,-2.898639625096342e-08,5.000000000000401
LILRA4,-2.898639625096342e-08,12.000000000000394
LILRB4,-2.898639625096342e-08,12.000000000000394
LILRA5,-2.898639625096342e-08,12.000000000000394
LILRA6,-2.898639625096342e-08,12.000000000000394
LILRA1,-2.898639625096342e-08,12.000000000000394
RPLP0,-2.898639625096342e-08,4.3996993069562496e-13
FCGR3A,-2.898639625096342e-08,3.000000000000439
FCGR2B,-2.898639625096342e-08,3.000000000000439
SH2D1B,-2.898639625096342e-08,4.000000000000438
TNFRSF4,-2.898639625096342e-08,2.00000000000043
CD27,-2.898639625096342e-08,2.00000000000043
TNFSF8,-2.898639625096342e-08,2.00000000000043
IFNG,-2.898639625096342e-08,4.3996993069562496e-13
PDCD4,-2.898639625096342e-08,4.3996993069562496e-13
GSTO1,-2.898639625096342e-08,4.3996993069562496e-13
LILRB5,-2.898639625096342e-08,12.000000000000394
RAET1E,-2.898639625096342e-08,6.000000000000438
SH2D1A,-2.898639625096342e-08,4.000000000000438
ULBP1,-2.898639625096342e-08,6.000000000000438
MICA,-2.898639625096342e-08,6.000000000000438
MICB,-2.898639625096342e-08,6.000000000000438
TALDO1,-2.898639625096342e-08,4.3996993069562496e-13
CD34,-2.898639625096342e-08,6.000000000000356
LTF,-2.898639625096342e-08,3.0000000000004023
KIR3DL2,-2.898639625096342e-08,2.0000000000004388
CD200,-2.898639625096342e-08,2.000000000000439
CD200R1,-2.898639625096342e-08,2.000000000000439
SLAMF6,-2.898639625096342e-08,4.000000000000438
SLAMF7,-2.898639625096342e-08,1.000000000000439
NCR3LG1,-2.898639625096342e-08,2.000000000000439
HAVCR2,-2.898639625096342e-08,2.000000000000405
CXCL8,-2.8986396173388755e-08,4.4008962661546736e-13
SERPINB2,-2.89863961709493e-08,4.4008962661546736e-13
gag,-2.898639610090984e-08,0.006673278673288117
IFNL3,-2.898639608594785e-08,0.03083299212942877
IFNL2,-2.898639608594785e-08,0.03083299212942877
